id,codeset_group,display,language,version,code,date_created,created_by,date_modified,modified_by,archived,active
1,GENDER,Male,en,1,912016f2-dca1-45b2-a613-b0b3edc414db,,,,,0,
2,GENDER,Transgender(male to female),en,1,34792968-e3df-4954-bd97-2f60d8fc1393,,,,,0,
3,GENDER,Transgender(Female to male),en,1,3ffeb50c-dc25-4d58-8b81-93a9fe55963d,,,,,0,
4,GENDER,Female,en,1,a2e19199-b704-485f-98c3-e6471dab9b45,,,,,0,
5,MARITAL_STATUS,Single,en,1,1e4ba9bf-a6de-4e93-9705-a7ddf1080d69,,Alexander Alozie,,Alexander Alozie,0,
6,MARITAL_STATUS,Married,en,1,d395c107-6c9c-4678-90f1-4e063cc6c933,,,,,0,
7,MARITAL_STATUS,Widowed,en,1,8bb9719a-06cb-4e6c-9d46-2841d01c8de9,,,,,0,
8,MARITAL_STATUS,Separated,en,1,840395f2-0941-4782-a455-1a42f2729943,,,,,0,
9,MARITAL_STATUS,Divorced,en,1,9f178b98-c894-4f2e-9ed6-89c67e13d1a1,,,,,0,
10,EDUCATION,None,en,1,202bbc4e-539a-41a7-9549-edb0be5fce4b,,,,,0,
11,EDUCATION,Senior Secondary,en,1,b0da8f6b-5a2c-4c2d-b295-b12a92f33278,,,,,0,
12,EDUCATION,Quranic,en,1,e83f442b-de07-4a49-b567-306232f75f97,,,,,0,
13,EDUCATION,Junior Secondary,en,1,87f2bbb0-0f87-475b-9023-1ed897764fb8,,,,,0,
14,EDUCATION,Post Secondary,en,1,7ea3c298-4e75-4d1e-8b99-b11e5315f884,,,,,0,
15,POINT_ENTRY,OPD,en,1,1b269b6c-9b6c-49c3-be8a-9797b9ea9385,,,,,0,
16,POINT_ENTRY,In-patient,en,1,058ce7fb-2698-4345-8f54-37e015ab6d98,,,,,0,
17,POINT_ENTRY,HCT,en,1,faea8f87-8e28-466d-ad8e-5002bbfd6284,,,,,0,
18,POINT_ENTRY,TB DOTS,en,1,7e0eadd3-ea37-40d7-bd46-acec44f087f8,,,,,0,
19,POINT_ENTRY,STI Clinic,en,1,7a9d09bd-b797-4682-bfc4-a03219de6f6f,,,,,0,
20,POINT_ENTRY,PMTCT,en,1,f8c1b989-b7c5-4342-9da7-515640dfa830,,,,,0,
21,POINT_ENTRY,Transfer-in,en,1,fa253f32-a8b6-4230-97a4-1ab12cd618cd,,,,,0,
22,POINT_ENTRY,Outreach,en,1,4b959d38-49d9-4a23-8ab8-a066c7b475e8,,,,,0,
23,POINT_ENTRY,CBO,en,1,833b95ab-0450-4001-a4a5-302386120675,,,,,0,
24,POINT_ENTRY,Others,en,1,81ce2047-8bdd-439a-b530-8cf9b1717d66,,,,,0,
25,TIME_HIV_DIAGNOSIS,Previous - Non pregnant,en,1,437d99ca-c721-4dee-837d-60a9a468d8b2,,,,,0,
26,TIME_HIV_DIAGNOSIS,Previous pregnancy (ANC),en,1,85f8bf74-7133-46a4-9faf-f3aa3ae638ae,,,,,0,
27,TIME_HIV_DIAGNOSIS,Previous pregnancy (L&AMP;D),en,1,9d06a24a-0411-4570-9b72-a49dca2bc774,,,,,0,
28,TIME_HIV_DIAGNOSIS,Previous pregnancy (PP &lt;72hrs),en,1,8778195a-ed95-412c-a38b-5a745e3daf7e,,,,,0,
29,TIME_HIV_DIAGNOSIS,ANC,en,1,57148559-b95f-4b41-961e-684436722402,,,,,0,
30,TIME_HIV_DIAGNOSIS,Labour,en,1,ba4da009-3310-4ed6-8582-3dc8e86cc4c4,,,,,0,
31,TIME_HIV_DIAGNOSIS,Post Partum &lt;=72hrs,en,1,5075048c-179a-44b1-9cd7-31af3c0149c4,,,,,0,
32,TIME_HIV_DIAGNOSIS,Post Partum &gt;72hrs,en,1,6dccae4c-232a-4149-9c9a-802787824168,,,,,0,
33,SOURCE_REFERRAL_PMTCT,PMTCT Outreach,en,1,eab671a7-592e-482d-9143-b7db368848cc,,,,,0,
34,SOURCE_REFERRAL_PMTCT,Sex Worker Outreach,en,1,a3f8aecb-1b78-450d-b8be-9a10ca777d5e,,,,,0,
35,SOURCE_REFERRAL_PMTCT,Medical Outpatient,en,1,c4e9a865-acdd-4338-afcb-786544789cf3,,,,,0,
36,SOURCE_REFERRAL_PMTCT,Youth/Adolescent Outreach,en,1,41984f29-6e78-4b6c-89c1-47d33d436caa,,,,,0,
37,SOURCE_REFERRAL_PMTCT,Private/Commercial Health Facility,en,1,f0afeea9-93d0-432b-b36e-e29505c1d290,,,,,0,
38,SOURCE_REFERRAL_PMTCT,Under-fives/Immunization Clinic,en,1,014c3c1e-65b3-442e-b1f3-f382ec7a8715,,,,,0,
39,SOURCE_REFERRAL_PMTCT,External HCT Centre,en,1,9e2ca14c-ff1a-4641-bc1d-3e1610514a97,,,,,0,
40,SOURCE_REFERRAL_PMTCT,CBO,en,1,760b0c44-4021-4dfd-86b2-157449df1229,,,,,0,
41,SOURCE_REFERRAL_PMTCT,In-patients,en,1,5b95d6af-ed7f-443b-9244-1732555d3751,,,,,0,
42,SOURCE_REFERRAL_PMTCT,Self-referral,en,1,ee12ee28-46f7-4d1d-9502-222c34365e1c,,,,,0,
43,SOURCE_REFERRAL,Self,en,1,6ac9dbaa-ac5d-44b6-a1d5-06f40dec166f,,,,,0,
44,SOURCE_REFERRAL,TB,en,1,a7503d13-3f85-4601-aba8-8750d9fe138c,,,,,0,
45,SOURCE_REFERRAL,STI,en,1,98bf443a-db72-4470-a9cd-5da96ec9df60,,,,,0,
46,SOURCE_REFERRAL,FP,en,1,a815ebf3-1b7b-43d5-8cdb-881a9c22d49a,,,,,0,
47,SOURCE_REFERRAL,OPD,en,1,95674508-3e17-4a8b-882f-d060b41645b2,,,,,0,
48,SOURCE_REFERRAL,Ward,en,1,a7f0c8ea-9b43-4823-bd51-c83436bb0d4e,,,,,0,
49,SOURCE_REFERRAL,Blood Bank,en,1,9f9417a5-739a-40e0-9c5c-8cccf8eaa506,,,,,0,
50,SOURCE_REFERRAL,Others,en,1,4f69a1a0-3126-45b4-a003-00710a72a0b3,,,,,0,
51,ENROLLMENT_SETTING,Facility,en,1,10bd3b23-cf32-482b-9184-3a09bf34ed4f,,,,,0,
52,ENROLLMENT_SETTING,Community,en,1,fbeba6e1-e20e-4299-b17d-5614cb425449,,,,,0,
53,HIV_STATUS_ENROL,HIV Exposed Status Unknown,en,1,b9909d8e-23bf-4bf4-9a33-7eb933a991a1,,,33:52.6,guest@lamisplus.org,1,
54,HIV_STATUS_ENROL,HIV+ non ART,en,1,61907d76-da2a-48df-8eeb-adfceadabd61,,,,,0,
55,HIV_STATUS_ENROL,ART Transfer In,en,1,a04088ea-ce3a-4942-ae26-b3eb009f398c,,,,,0,
56,HIV_STATUS_ENROL,Pre-ART Transfer In,en,1,db1d2322-9409-47cd-9ff1-dad67f7afd78,,,,,0,
57,HIV_STATUS,ART Restart,en,1,b5368fa5-5c89-43bc-9b7b-aa927a8e1755,,,,,0,
58,HIV_STATUS,ART Transfer Out,en,1,73cdd703-47b9-470d-8e61-11eabde237f9,,,,,0,
59,HIV_STATUS,Pre-ART Transfer Out,en,1,9872444a-8cc8-435e-a960-4c043ea5a275,,,,,0,
60,HIV_STATUS,Lost to Follow Up,en,1,e69c44fb-f011-4bb0-8262-88e13f08c5d4,,,,,0,
61,HIV_STATUS,Stopped Treatment,en,1,50d64b2a-6604-4978-876f-47a18dc5e9f6,,,,,0,
62,HIV_STATUS,Died (Confirmed),en,1,7e8d0627-7670-40b6-baad-53bc944c1e57,,,,,0,
63,HIV_STATUS,Previously Undocumented Patient Transfer (Confirmed),en,1,38595f25-1513-40a3-ba25-bd7202999201,,,,,0,
64,HIV_STATUS,Traced Patient (Unable to locate),en,1,c2178692-0f3e-4643-9e2e-3fa9d1816e3f,,,,,0,
65,HIV_STATUS,Traced Patient and agreed to return to care,en,1,ed15b0fa-14d0-4b79-9f58-0817a8c6d63a,,,,,0,
66,HIV_STATUS,Did Not Attempt to Trace Patient,en,1,dcfe202d-8442-447e-809c-f8e578c097f1,,,,,0,
67,TB_STATUS,No sign or symptoms of TB,en,1,8647c0b5-129a-4a28-a490-939cf66538dd,,,,,0,
68,TB_STATUS,TB suspected and referred for evaluation,en,1,139186bb-f8f7-44fb-8343-bd8e70f74f05,,,,,0,
69,TB_STATUS,Currently on INH prophylaxis,en,1,afbaa50d-6f9c-403b-b1f5-4dee8937d3e3,,,,,0,
70,TB_STATUS,Currently on TB treatment,en,1,9ba7a661-ca2b-45ee-b332-95e96655264e,,,,,0,
71,TB_STATUS,TB positive not on TB drugs,en,1,74509327-3a74-4376-b49f-409e5d506abb,,,,,0,
72,PREGANACY_STATUS,Not Pregnant,en,1,ddc877a0-8403-47f4-9460-ab52f76f5166,,,,,0,
73,PREGANACY_STATUS,Pregnant,en,1,6eeb4f39-444f-4190-9d13-804f589376fc,,,,,0,
74,PREGANACY_STATUS,Post Partum,en,1,d9c1380b-b66c-48b8-8441-795dbe9e102c,,,,,0,
75,PREGANACY_STATUS,Breastfeeding,en,1,5240c509-a32e-4343-bc85-247f03671b9b,,,,,0,
76,RELATIONSHIP,Aunt,en,1,f12ccc05-cb56-4d13-9df6-95845ca01e00,,,,,0,
77,RELATIONSHIP,Brother,en,1,612e736e-034a-4615-b32c-3b64c2260a5f,,,,,0,
78,RELATIONSHIP,Cousin,en,1,12cf1cc7-45bf-4513-a0e0-f34966ffe245,,,,,0,
79,RELATIONSHIP,Daughter,en,1,c0deeab8-73d4-42ae-b7ad-1762bc9666dc,,,,,0,
80,RELATIONSHIP,Father,en,1,e936dbed-841c-4c9b-a2ab-a8dc7d77490c,,,,,0,
81,RELATIONSHIP,Friend,en,1,c13a669d-630d-4b8d-a463-d72e793481aa,,,,,0,
82,RELATIONSHIP,Grand parent,en,1,6acec712-9f34-4394-b48d-3c65ed6c3cce,,,,,0,
83,RELATIONSHIP,Mother,en,1,e6d51b7c-361a-441f-a172-a4d7f43422d0,,,,,0,
84,RELATIONSHIP,Son,en,1,15ff77c3-e360-45ed-81b9-2e8cb8457163,,,,,0,
85,RELATIONSHIP,Spouse,en,1,c079b18b-974a-46be-a01d-1bfd662ec868,,,,,0,
86,RELATIONSHIP,Treatment Supporter,en,1,a0e82f39-0eec-494e-b463-c1d526d52ec2,,,,,0,
87,RELATIONSHIP,Uncle,en,1,d7c76274-a7dc-471d-8e74-7b5a99f695b5,,,,,0,
88,OCCUPATION,Unemployed,en,1,2b73879e-1a6f-4c99-a986-fb272358fcf2,,,,,0,
89,OCCUPATION,Employed,en,1,fdb095c7-d6b8-4627-a584-d728ced59e82,,,,,0,
90,OCCUPATION,Student,en,1,8120b745-806e-47c5-8ce5-f37ef6b13f0e,,,,,0,
91,OCCUPATION,Retired,en,1,564e7689-56c9-4878-8032-6d0ca052fa4b,,,,,0,
92,CAUSE_DEATH,HIV disease resulting in TB,en,1,f05f76e7-a1f1-4aa4-ad60-d690fbbb21ed,,,,,0,
93,CAUSE_DEATH,HIV disease resulting in cancer,en,1,814be562-75c5-4992-81a8-0011541ddeb1,,,,,0,
94,CAUSE_DEATH,HIV disease resulting in other infectious and parasitic disease,en,1,e8fd7e95-73b4-449c-8f4c-ebdf8fce175a,,,,,0,
95,CAUSE_DEATH,Other HIV disease resulting in other disease or conditions leading to death,en,1,91f7715b-8afc-40da-8d2e-38ddce278230,,,,,0,
96,CAUSE_DEATH,Other natural causes,en,1,04f1839e-2227-464d-bed1-715ded6ea876,,,,,0,
97,CAUSE_DEATH,Non-natural causes,en,1,21c96856-8cc6-4202-8024-55b17cc5caaa,,,,,0,
98,CAUSE_DEATH,Unknown cause,en,1,20086802-733d-4598-a797-bcd900c3eec8,,,,,0,
99,REASON_INTERRUPTION,Toxicity/side effect,en,1,4064af34-eaeb-4584-ae7d-bc5f683ad703,,,,,0,
100,REASON_INTERRUPTION,Pregnancy,en,1,f06d7abc-7f9c-41ba-b8bb-ae71120cc715,,,,,0,
101,REASON_INTERRUPTION,Treatment failure,en,1,cb7a1ea8-a744-4acb-a375-acc51a579820,,,,,0,
102,REASON_INTERRUPTION,Poor adherence,en,1,32c43e4a-c2d4-4542-a07a-07eaa41bc61e,,,,,0,
103,REASON_INTERRUPTION,"Illness, hospitalization",en,1,a6cbd9a4-08ef-4bc2-879f-ec218716c440,,,,,0,
104,REASON_INTERRUPTION,Drug out of stock,en,1,39667774-0a64-4659-91bd-5d4d88117f19,,,,,0,
105,REASON_INTERRUPTION,Patient lacks finances,en,1,c12c4806-46e9-46dd-82a0-c4033a1acb9c,,,,,0,
106,REASON_INTERRUPTION,Other patient decision,en,1,2fdcffac-5ee5-4ed5-bb6b-6b0ad431fc6c,,,,,0,
107,REASON_INTERRUPTION,Planned Rx interruption,en,1,6a6e456e-0772-4261-b5d7-72fa03322e00,,,,,0,
108,REASON_INTERRUPTION,Other,en,1,fdef5ade-9502-4690-88f1-1db3056ff5e0,,,,,0,
109,DMOC_TYPE,CPARP,en,1,afac1041-a0aa-4823-ae17-649aae893998,,,,,0,
110,DMOC_TYPE,CARC,en,1,229c0a24-7bd2-4791-a056-5c038355db18,,,,,0,
111,DMOC_TYPE,MMS,en,1,240bb3d1-2ccc-4c49-a682-afae6d427157,,,,,0,
112,DMOC_TYPE,MMD,en,1,0e8f4419-2f1b-45e1-93ed-d035d17eb764,,,,,0,
113,DMOC_SCRIPTING,MMD 3,en,1,55544fbc-6c29-4297-997d-4e3d14e2e010,,,,,0,
114,DMOC_SCRIPTING,MMD 6,en,1,a3803c55-1795-423c-8266-760d15304633,,,,,0,
115,YES_NO,YES,en,1,feb2dfc5-a68c-470c-a3ec-6f1be16ac497,,,,,0,
116,YES_NO,NO,en,1,fa11f31e-9a83-49bd-8735-d818e41608f0,,,,,0,
117,ART_STATUS,Pre-ART,en,1,e6405cfb-0e7c-4775-85c2-ff689d8ce5e0,,,,,0,
118,ART_STATUS,ART,en,1,34a20dd9-474c-4974-8e67-3b8b3abfe04f,,,,,0,
119,CLINICAL_STAGE,STAGE I,en,1,68d6db74-db8e-462f-925b-3eb31df28435,,,,,0,
120,CLINICAL_STAGE,STAGE II,en,1,d978c2e7-24a7-4c34-a401-c6ddeacd1b29,,,,,0,
121,CLINICAL_STAGE,STAGE III,en,1,abf04ed9-e385-49a5-bf95-7ddc91b2aa60,,,,,0,
122,CLINICAL_STAGE,STAGE IV,en,1,b3a45d7e-a2c4-413b-9f32-64dad4d465d3,,,,,0,
123,FUNCTIONAL _STATUS,WORKING,en,1,912016f2-dca1-45b2-a613-b0b3edc414db,,,,,0,
124,FUNCTIONAL _STATUS,Ambulatory,en,1,34792968-e3df-4954-bd97-2f60d8fc1393,,,,,0,
125,FUNCTIONAL _STATUS,Bedridden,en,1,9bf8f124-120d-4b8b-ad3c-a68996d28cb4,,,,,0,
126,RECENT_HIV_TEST,Last 3 months,en,1,5cfe5464-66dd-42b5-9c46-f5653fcda25b,,,,,0,
127,RECENT_HIV_TEST,Last 6 months,en,1,f659e083-b1d9-4987-8324-b6678632564c,,,,,0,
128,RECENT_HIV_TEST,More than 6 months,en,1,b590d576-238c-4816-8b07-98a8d3772237,,,,,0,
129,HIV_STATUS_ASSESSMENT,Positive not on ART,en,1,e2e4686f-85c3-49dd-a808-93b1a8d735ad,,,,,0,
130,HIV_STATUS_ASSESSMENT,Positive on ART,en,1,175fd6a5-d578-4c39-b827-8f3928a4bba7,,,,,0,
131,HIV_STATUS_ASSESSMENT,Negative,en,1,b71b875c-c8b3-44e8-9105-a52b0b9b5ac0,,,,,0,
132,HIV_STATUS_ASSESSMENT,Unknown,en,1,34e2d923-0514-4f8e-8803-42a47def717e,,,,,0,
133,HIV_STATUS_ASSESSMENT,Never Tested,en,1,8b60587b-5bf6-493c-9805-afe72134b6bf,,,,,0,
134,TEST_SETTING,CT,en,1,6fca9e78-3305-43a5-a45e-dddb92aa4e6e,,,,,0,
135,TEST_SETTING,TB,en,1,,,,,,0,
136,TEST_SETTING,STI,en,1,,,,,,0,
137,TEST_SETTING,FP,en,1,,,,,,0,
138,TEST_SETTING,OPD,en,1,,,,,,0,
139,TEST_SETTING,Ward,en,1,,,,,,0,
140,TEST_SETTING,Outreach,en,1,,,,,,0,
141,TEST_SETTING,Standalone HTS,en,1,,,,,,0,
142,TEST_SETTING,Others,en,1,,,,,,0,
143,COUNSELING_TYPE,Individual,en,1,,,,,,0,
144,COUNSELING_TYPE,Couple,en,1,,,,,,0,
145,INDEX_TESTING,Biological,en,1,,,,,,0,
146,INDEX_TESTING,Sexual,en,1,,,,,,0,
147,INDEX_TESTING,Social,en,1,,,,,,0,
148,HIV_TEST_RESULT,Negative,en,1,,,,,,0,
149,HIV_TEST_RESULT,Positive,en,1,,,,,,0,
150,TARGET_GROUP,MSM,en,1,,,,,,0,
151,TARGET_GROUP,FSW,en,1,,,,,,0,
152,TARGET_GROUP,PWID,en,1,,,,,,0,
153,TARGET_GROUP,SEXUAL PARTNER,en,1,,,,,,0,
154,TARGET_GROUP,TRANSGENDER,en,1,,,,,,0,
155,TARGET_GROUP,PRISON,en,1,,,,,,0,
156,CONTACT_TYPE,Primary Contacts,en,1,,,,,,0,
157,CONTACT_TYPE,Secondary Contacts,en,1,,,,,,0,
158,CONTACT_TYPE,Tertiary Contacts,en,1,,,,,,0,
159,RELATIONSHIP_CONTACT,Spouse,en,1,,,,,,0,
160,RELATIONSHIP_CONTACT,Live-in Partners,en,1,,,,,,0,
161,RELATIONSHIP_CONTACT,Boyfriend/Girlfriend</option>,en,1,,,,,,0,
162,RELATIONSHIP_CONTACT,Regular Casual Partner,en,1,,,,,,0,
163,RELATIONSHIP_CONTACT,Infrequent Casual Partner,en,1,,,,,,0,
164,RELATIONSHIP_CONTACT,Sex Worker,en,1,,,,,,0,
165,NOTIFICATION_CONTACT,Passive Notification/Self,en,1,,,,,,0,
166,NOTIFICATION_CONTACT,Provider Assisted,en,1,,,,,,0,
167,NOTIFICATION_CONTACT,Contracted,en,1,,,,,,0,
168,NOTIFICATION_CONTACT,Household referral/Clustering,en,1,,,,,,0,
169,AGE_UNIT,Year(s),en,1,,,,,,0,
170,AGE_UNIT,Month(s),en,1,,,,,,0,
171,AGE_UNIT,Week(s),en,1,,,,,,0,
172,AGE_UNIT,Day(s),en,1,,,,,,0,
173,TRACKING_COUNT,1st,en,1,,,,,,0,
174,TRACKING_COUNT,2nd,en,1,,,,,,0,
175,TRACKING_COUNT,3rd,en,1,,,,,,0,
176,TRACKING_COUNT,4th,en,1,,,,,,0,
177,TRACKING_COUNT,5th,en,1,,,,,,0,
178,TRACKING_COUNT,6th,en,1,,,,,,0,
179,TRACKING_COUNT,7th,en,1,,,,,,0,
180,TRACKING_OUTCOME_CONTACT,Accept HTS,en,1,,,,,,0,
181,TRACKING_OUTCOME_CONTACT,Declines HTS,en,1,,,,,,0,
182,HIV_STATUS_CONTACT,Negative,en,1,,,,,,0,
183,HIV_STATUS_CONTACT,Positive,en,1,,,,,,0,
184,HIV_STATUS_CONTACT,Previously Known,en,1,,,,,,0,
186,SAMPLE_TYPE,Blood,en,1,ee0947,,Alexander Alozie,,Alexander Alozie,0,
187,SAMPLE_TYPE,Sputum,en,1,,,,,,0,
188,SAMPLE_TYPE,Urine,en,1,,,,,,0,
189,SAMPLE_TYPE,DBS,en,1,,,,,,0,
190,SAMPLE_TYPE,Serum,en,1,,,,,,0,
191,YES_NO_OUTBREAK,Yes,en,1,ee0947,23/04/2020 0:00,Alexander Alozie,23/04/2020 0:00,Alexander Alozie,0,
192,YES_NO_OUTBREAK,No,en,1,,,,,,0,
193,YES_NO_OUTBREAK,Unknown,en,1,,,,,,0,
194,FORM_COMPLETE_OUTBREAK,Yes,en,1,,,,,,0,
195,FORM_COMPLETE_OUTBREAK,No,en,1,,,,,,0,
196,FORM_COMPLETE_OUTBREAK,Partially,en,1,,,,,,0,
197,FORM_NOT_COMPLETED_OUTBREAK,Missed,en,1,,,,,,0,
198,FORM_NOT_COMPLETED_OUTBREAK,Not attempted,en,1,,,,,,0,
199,FORM_NOT_COMPLETED_OUTBREAK,Not performed,en,1,,,,,,0,
200,FORM_NOT_COMPLETED_OUTBREAK,Refusal,en,1,,,,,,0,
201,FORM_NOT_COMPLETED_OUTBREAK,Other,en,1,,,,,,0,
202,OCCUPATION_OUTBREAK,Health care worker,en,1,,,,,,0,
203,OCCUPATION_OUTBREAK,Working with animals,en,1,,,,,,0,
204,OCCUPATION_OUTBREAK,Health laboratory worker,en,1,,,,,,0,
205,OCCUPATION_OUTBREAK,Student,en,1,,,,,,0,
206,OCCUPATION_OUTBREAK,Other,en,1,,,,,,0,
207,EXPOSURE_OUTBREAK,Home,en,1,,,,,,0,
208,EXPOSURE_OUTBREAK,Hospital,en,1,,,,,,0,
209,EXPOSURE_OUTBREAK,Workplace,en,1,,,,,,0,
210,EXPOSURE_OUTBREAK,Tour Group,en,1,,,,,,0,
211,EXPOSURE_OUTBREAK,Unknown,en,1,,,,,,0,
212,EXPOSURE_OUTBREAK,Other,en,1,,,,,,0,
213,YES_NO_X_RAY_OUTBREAK,Yes,en,1,,,,,,0,
214,YES_NO_X_RAY_OUTBREAK,No,en,1,,,,,,0,
215,YES_NO_X_RAY_OUTBREAK,Not Applicable (no X-ray performed),en,1,,,,,,0,
216,SAMPLE_TYPE_COVID,Nasal swab,en,1,,,,,,0,
217,SAMPLE_TYPE_COVID,Throat swab,en,1,,,,,,0,
218,SAMPLE_TYPE_COVID,Nasopharyngeal swab,en,1,,,,,,0,
219,SAMPLE_TYPE_COVID,Other,en,1,,,,,,0,
220,CASE_STATUS_OUTBREAK,Suspected,en,1,,,,,,0,
221,CASE_STATUS_OUTBREAK,Probable,en,1,,,,,,0,
222,CASE_STATUS_OUTBREAK,Confirmed,en,1,,,,,,0,
223,CURRENT_STATUS_OUTBREAK,Alive,en,1,,,,,,0,
224,CURRENT_STATUS_OUTBREAK,Dead,en,1,,,,,,0,
225,SAMPLE_TYPE,Nasal swab,en,1,,,,,,0,
226,SAMPLE_TYPE,Throat swab,en,1,,,,,,0,
227,SAMPLE_TYPE,Nasopharyngeal swab,en,1,,,,,,0,
228,TIME_HIV_DIAGNOSIS,Newly tested HIV positive (ANC),en,1,ee0947,23/04/2020 0:00,Alexander Alozie,23/04/2020 0:00,Alexander Alozie,0,
229,TIME_HIV_DIAGNOSIS,Previously known HIV  positive  (ANC),,1,,,,,,0,
230,TEST_RESULT_COMMON,Negative,,1,,,,,,0,
231,TEST_RESULT_COMMON,Positive,,1,,,,,,0,
232,TEST_RESULT_COMMON,Indeterminate,,1,,,,,,0,
233,HIV_RETEST_RESULT,Remained HIV negative,,1,,,,,,0,
234,HIV_RETEST_RESULT,Sero-converted to HIV positive,,1,,,,,,0,
235,HIV_STATUS_COMMON,Negative,,1,,,,,,0,
236,HIV_STATUS_COMMON,Positive,,1,,,,,,0,
237,HIV_STATUS_COMMON,Unknown,,1,,,,,,0,
238,BOOKING STATUS,Booked,,1,,,,,,0,
239,BOOKING STATUS,unbooked,,1,,,,,,0,
240,ROM_DELIVERY_INTERVAL,<4hrs,,1,,,,,,0,
241,ROM_DELIVERY_INTERVAL, >4hrs,,1,,,,,,0,
242,PARTNER_REFERRED_PMTCT,FP,,1,,,,,,0,
243,PARTNER_REFERRED_PMTCT,ART,,1,,,,,,0,
244,PARTNER_REFERRED_PMTCT,OTHERS,,1,,,,,,0,
245,MODE_DELIVERY,Vaginal,,1,,,,,,0,
246,MODE_DELIVERY,Elective CS,,1,,,,,,0,
247,MODE_DELIVERY,Emergency CS,,1,,,,,,0,
248,MODE_DELIVERY,Other,,1,,,,,,0,
249,MATERNAL_OUTCOME,Alive,,1,,,,,,0,
250,MATERNAL_OUTCOME,Dead,,1,,,,,,0,
251,FEEDING DECISION,EBF,,1,,,,,,0,
252,FEEDING DECISION,ERF,,1,,,,,,0,
253,CHILD_STATUS_DELIVERY,Alive,,1,,,,,,0,
254,CHILD_STATUS_DELIVERY,Still Birth,,1,,,,,,0,
255,CHILD_STATUS_DELIVERY,Neonantal Death,,1,,,,,,0,
256,FETAL_PRESENTATION,Cephalic,,1,,,,,,0,
257,FETAL_PRESENTATION,Breech,,1,,,,,,0,
258,FETAL_PRESENTATION,Face,,1,,,,,,0,
259,FETAL_PRESENTATION,Brow,,1,,,,,,0,
260,FETAL_PRESENTATION,Footling,,1,,,,,,0,
261,TYPE_VISIT_PMTCT,ANC,,1,,,,,,0,
262,TYPE_VISIT_PMTCT,PNC,,1,,,,,,0,
263,VISIT_STATUS_PMTCT,Active in PMTCT,,1,,,,,,0,
264,VISIT_STATUS_PMTCT,Transfer In,,1,,,,,,0,
265,VISIT_STATUS_PMTCT,Transfer Out,,1,,,,,,0,
266,VISIT_STATUS_PMTCT,Transfered to another PMTCT cohort (new pregnancy),,1,,,,,,0,
267,FAMILY_PLANNING_METHOD,No FP Method,,1,,,,,,0,
268,FAMILY_PLANNING_METHOD,Condom,,1,,,,,,0,
269,FAMILY_PLANNING_METHOD,Oral Pills,,1,,,,,,0,
270,FAMILY_PLANNING_METHOD,Injectable,,1,,,,,,0,
271,FAMILY_PLANNING_METHOD,Implant,,1,,,,,,0,
272,FAMILY_PLANNING_METHOD,IUD,,1,,,,,,0,
273,FAMILY_PLANNING_METHOD,Other,,1,,,,,,0,
274,COUNSELING_REFERRED_PMTCT,ART,,1,,,,,,0,
275,COUNSELING_REFERRED_PMTCT,PAP SMEAR,,1,,,,,,0,
276,COUNSELING_REFERRED_PMTCT,Other,,1,,,,,,0,
277,BREAST_FEEDING_PRESENT,Exclusive Breast Feeding (EBF)                                         ,,1,,,,,,0,
278,BREAST_FEEDING_PRESENT,Commercial Infant Formula/Exclusive Replacement Feeding                                         ,,1,,,,,,0,
279,BREAST_FEEDING_PRESENT,Mixed Feeding (MF)                                         ,,1,,,,,,0,
280,REASON_PCR,1st PCR test kit,,1,,,,,,0,
281,REASON_PCR,Confirm Positive PCR,,1,,,,,,0,
282,REASON_PCR,Infant with Signs and Symptoms of HIV,,1,,,,,,0,
283,REASON_PCR,Follow-Up for Breastfed Child,,1,,,,,,0,
284,REASON_PCR,Previous Indeterminate Test,,1,,,,,,0,
285,REASON_PCR,Test positive at 9 months with rapid test kit,,1,,,,,,0,
286,CHILD_OUTCOME_PMTCT,Well,,1,,,,,,0,
287,CHILD_OUTCOME_PMTCT,Sick,,1,,,,,,0,
288,CHILD_OUTCOME_PMTCT,Dead,,1,,,,,,0,
289,CHILD_REFERRED_PMTCT,ART,,1,,,,,,0,
290,CHILD_REFERRED_PMTCT,Nutrition,,1,,,,,,0,
291,CHILD_REFERRED_PMTCT,Other,,1,,,,,,0,
293,TEST,Test 3,en,1,,,,31:41.0,guest@lamisplus.org,0,
294,TEST,Test _12,en,1,,,,29:56.6,guest@lamisplus.org,0,
295,TEST_ORDER_PRIORITY,NORMAL,en,1,6fca9e78-3305-43a5-a45e-dddb92aa4e6e,30/06/2020 0:00,Alex,30/06/2020 0:00,Alex,0,
296,TEST_ORDER_PRIORITY,EMERGENCY,,,,,,,,0,
297,SAMPLE_CODESET_GROUP,Sample 2,en,1,,,,20:13.3,guest@lamisplus.org,0,
298,Test_Codeset_Group,Test 2,en,1,,,,02:46.7,guest@lamisplus.org,0,
299,test,Very Hig,en,1,,,,20:41.0,guest@lamisplus.org,0,
300,VIRAL_LOAD_INDICATION,Baseline (6 months after ART initiation),,,,,,,,0,
301,VIRAL_LOAD_INDICATION,Routine (every 12 months),,,,,,,,0,
302,VIRAL_LOAD_INDICATION,Confirmation (3-6 months after intense adherence counselling),,,,,,,,0,
303,VIRAL_LOAD_INDICATION,Repeat Test,,,,,,,,0,
304,VIRAL_LOAD_INDICATION,Clinical failure,,,,,,,,0,
305,VIRAL_LOAD_INDICATION,Immunologic failure,,,,,,,,0,
306,VIRAL_LOAD_INDICATION,PMTCT 32-36 Weeks Gestation,,,,,,,,0,
307,COTRIMOXAZOLE_STATUS,No,,,,,,,,0,
308,COTRIMOXAZOLE_STATUS,"Yes, taking CTX daily",,,,,,,,0,
309,COTRIMOXAZOLE_STATUS,Starting CTX today,,,,,,,,0,
310,KP_TYPE,FSW,en,1,fd282b52-319a-4723-be63-e38dc9d1acfe,48:53.8,guest@lamisplus.org,48:53.8,,0,
311,KP_TYPE,MSM,en,1,4621ef7c-22fd-4605-8af2-494cc4ee97e5,49:46.7,guest@lamisplus.org,49:46.7,,0,
312,KP_TYPE,PWID,en,1,53714fc5-8960-487a-a236-0173b26be9b8,51:50.9,guest@lamisplus.org,51:50.9,,0,
313,KP_TYPE,Trans,en,1,6c4d78e7-149f-4c60-bd11-c16edcd8b6f1,52:04.1,guest@lamisplus.org,52:04.1,,0,
314,KP_TYPE,Others,en,1,b2786a9e-5fc8-4a23-9c6f-c462d568a5e0,52:12.1,guest@lamisplus.org,52:12.1,,0,
315,PREP_DISCONTINUATION_REASON,Toxicity/side effects,en,1,2ab64448-e251-48d7-8434-2b625e416898,11:41.2,guest@lamisplus.org,11:41.2,,0,
316,PREP_DISCONTINUATION_REASON,Pregnancy,en,1,105aeac8-5920-49d7-ac93-d8d8d2034f72,11:55.5,guest@lamisplus.org,11:55.5,,0,
317,PREP_DISCONTINUATION_REASON,Client preference,en,1,3e59a53d-a3c3-4492-9d8d-627f9e095887,12:09.7,guest@lamisplus.org,12:09.7,,0,
318,PREP_DISCONTINUATION_REASON,HIV positive,en,1,59681b8d-c0c9-41ef-86de-993b8a68e4e8,12:28.4,guest@lamisplus.org,12:28.4,,0,
319,PREP_DISCONTINUATION_REASON,No longer at substantial risk,en,1,bc63795c-1ebd-4d69-a004-3e1097b90503,12:47.2,guest@lamisplus.org,12:47.2,,0,
320,PREP_DISCONTINUATION_REASON,Others,en,1,0d3b0cdf-7e37-43da-b6e9-69351d1a9704,12:57.0,guest@lamisplus.org,12:57.0,,0,
321,PREP_DISCONTINUATION_REASON,Transferred Out,en,1,0088270d-cb6a-4d92-9b96-e47415c17ca6,13:57.5,guest@lamisplus.org,13:57.5,,0,
322,PREP_DISCONTINUATION_REASON,Death,en,1,fe188db0-ce92-4edc-8897-67c85caa2dd7,14:08.6,guest@lamisplus.org,14:08.6,,0,
323,PREP_DISCONTINUATION_TYPE,Stopped,en,1,10d1027f-445c-49f5-b51c-ccd231812d7d,16:24.0,guest@lamisplus.org,16:24.0,,0,
324,PREP_DISCONTINUATION_TYPE,Default,en,1,20904979-1a2b-466a-b275-859c69314429,16:34.8,guest@lamisplus.org,16:34.8,,0,
325,PREP_SIDE_EFFECTS,No side effects,en,1,acbf96d1-357f-426f-baab-77f5d7cf12e2,53:15.7,guest@lamisplus.org,53:15.7,,0,
326,PREP_SIDE_EFFECTS,Nausea/vomiting,en,1,6a2d13da-57a5-48ee-b22c-fd181a5bd3c0,53:27.2,guest@lamisplus.org,53:27.2,,0,
327,PREP_SIDE_EFFECTS,Headache,en,1,5aaf9317-0a2a-40dc-a7f5-1ffcff28e64c,53:36.3,guest@lamisplus.org,53:36.3,,0,
328,PREP_SIDE_EFFECTS,Insomnia/bad dreams,en,1,6eac6e35-8eac-46f8-b6a0-1ff9fe91363f,53:49.5,guest@lamisplus.org,53:49.5,,0,
329,PREP_SIDE_EFFECTS,Fatigue/weakness,en,1,6f55c000-ed00-449f-9882-f735d8dd6599,54:01.4,guest@lamisplus.org,54:01.4,,0,
330,PREP_SIDE_EFFECTS,Abdominal pain,en,1,d3779ba3-75ed-4ba7-87bd-b683ee10b61f,54:10.7,guest@lamisplus.org,54:10.7,,0,
331,PREP_SIDE_EFFECTS,Diarrhea,en,1,b31af97c-37f5-4613-a7c2-d862d348bf26,54:30.9,guest@lamisplus.org,54:30.9,,0,
332,PREP_SIDE_EFFECTS,Fever,en,1,59e6c086-d451-4b17-a375-37fc3f4126f1,54:37.9,guest@lamisplus.org,54:37.9,,0,
333,PREP_SIDE_EFFECTS,Rash,en,1,d373a140-bace-4e88-a70d-394577277ea8,54:44.3,guest@lamisplus.org,54:44.3,,0,
334,PREP_SIDE_EFFECTS,Anemia,en,1,fd9a06f7-78f2-46a2-8548-75f89f219f14,54:56.0,guest@lamisplus.org,54:56.0,,0,
335,PREP_SIDE_EFFECTS,Stevens Johnson Syndrome,en,1,3f13ad50-2dd2-4381-ac00-1a46d55ec3c7,55:16.7,guest@lamisplus.org,55:16.7,,0,
336,PREP_SIDE_EFFECTS,Hyperglycemia,en,1,37a0b4b8-1e3e-459f-9fe3-4ca5cd95c752,55:28.4,guest@lamisplus.org,55:28.4,,0,
337,PREP_SIDE_EFFECTS,Others,en,1,57c67d6d-0072-418d-aca0-5c3d95cec98e,55:40.6,guest@lamisplus.org,55:40.6,,0,
338,HTS_RESULT,HIV Positive,en,1,1691305e-3e8c-46a1-b157-948742579762,57:23.5,guest@lamisplus.org,57:23.5,,0,
339,HTS_RESULT,HIV Negative,en,1,5add3878-b678-4dd3-9e3a-62caebe380ea,57:36.7,guest@lamisplus.org,57:36.7,,0,
340,HTS_RESULT,Not Done,en,1,11db345d-fa1e-4e7f-b855-006488b785f5,57:45.9,guest@lamisplus.org,57:45.9,,0,
341,SYNDROMIC_STI_SCREENING,No STI symptoms/signs,en,1,519c5bd0-1bf1-4d8c-8866-808ec64eab59,58:46.5,guest@lamisplus.org,58:46.5,,0,
342,SYNDROMIC_STI_SCREENING,Urethral discharge,en,1,3d5e9ac6-9f57-4047-b20e-9b802a92d320,58:59.9,guest@lamisplus.org,58:59.9,,0,
343,SYNDROMIC_STI_SCREENING,Genital Ulcers,en,1,bf8b73cc-5736-4d9f-9d72-04817c55feee,59:11.1,guest@lamisplus.org,59:11.1,,0,
344,SYNDROMIC_STI_SCREENING,Vaginal discharge,en,1,6d68e5a1-6492-40c8-b048-cd2ede3cd1d9,59:27.1,guest@lamisplus.org,59:27.1,,0,
345,SYNDROMIC_STI_SCREENING,Lower Abdominal Pain,en,1,9e9def19-ea27-4f3c-97ea-6b37027607ec,59:46.3,guest@lamisplus.org,59:46.3,,0,
346,SYNDROMIC_STI_SCREENING,Scrotal Swelling,en,1,d180d1ea-ace6-4607-90fe-2e5966498845,00:01.6,guest@lamisplus.org,00:01.6,,0,
347,SYNDROMIC_STI_SCREENING,Anal Warts,en,1,085c8717-244f-4d24-acbf-e72169e324ff,00:19.0,guest@lamisplus.org,00:19.0,,0,
348,SYNDROMIC_STI_SCREENING,Genital Warts,en,1,a9ec160d-8a6f-4355-8511-944420661b17,00:27.8,guest@lamisplus.org,00:27.8,,0,
349,SYNDROMIC_STI_SCREENING,Inguinal bubo,en,1,72c6873d-7093-4103-89e1-29d19c1012c6,00:42.2,guest@lamisplus.org,00:42.2,,0,
350,SYNDROMIC_STI_SCREENING,Others,en,1,cfcab3ca-8c7f-40c8-87fe-0ae53eb9571e,00:56.6,guest@lamisplus.org,00:56.6,,0,
351,PrEP_RISK_REDUCTION_PLAN,1. Risk reduction strategies discussed,en,1,57d097f7-75c1-4718-91a1-4cd5ffef11cf,02:39.3,guest@lamisplus.org,02:39.3,,0,
352,PrEP_RISK_REDUCTION_PLAN,2. Plan 1 plus correct condom use demonstrated,en,1,1ee0d8c8-ec53-47d8-9f58-0de8ea802951,04:04.7,guest@lamisplus.org,04:04.7,,0,
353,PrEP_RISK_REDUCTION_PLAN,3. Plan 1&2 plus lubricant provided,en,1,251f2bff-0758-4188-9a96-020e922b3372,04:27.1,guest@lamisplus.org,04:27.1,,0,
354,PrEP_LEVEL_OF_ADHERENCE,(Good) ‚â§ 2 doses,en,1,,,,12:35.5,guest@lamisplus.org,0,
355,PrEP_LEVEL_OF_ADHERENCE,(Fair) 3-6 doses,en,1,1b229023-11fa-4447-91c2-37f5428f51a6,07:36.8,guest@lamisplus.org,07:36.8,,0,
356,PrEP_LEVEL_OF_ADHERENCE,(Poor) ‚â• 7 doses,en,1,1f11e0cc-58db-459e-9704-a76f8229b359,11:05.5,guest@lamisplus.org,11:05.5,,0,
357,PrEP_LEVEL_OF_ADHERENCE_REASONS,Forgot,en,1,34f7222b-0fc1-43ca-be05-9f4dc89800b5,13:47.1,guest@lamisplus.org,13:47.1,,0,
358,PrEP_LEVEL_OF_ADHERENCE_REASONS,Fell asleep/slept through dose,en,1,1cdbeec7-6544-4e81-826f-a9178d2a8b1f,30:36.2,guest@lamisplus.org,30:36.2,,0,
359,PrEP_LEVEL_OF_ADHERENCE_REASONS,Change in routine/away from home,en,1,37a2c349-fa7c-43f1-8bff-f3e956363be5,30:51.6,guest@lamisplus.org,30:51.6,,0,
360,PrEP_LEVEL_OF_ADHERENCE_REASONS,Busy/working/at school,en,1,f0c1e207-0527-4dec-a49b-c4ee1564ab53,31:06.9,guest@lamisplus.org,31:06.9,,0,
361,PrEP_LEVEL_OF_ADHERENCE_REASONS,Patient moved,en,1,343b035c-706a-4a90-9c7f-895fde936341,31:16.9,guest@lamisplus.org,31:16.9,,0,
362,PrEP_LEVEL_OF_ADHERENCE_REASONS,Ran out of medications,en,1,70544938-b80e-4225-8d44-365e7afec976,31:30.3,guest@lamisplus.org,31:30.3,,0,
363,PrEP_LEVEL_OF_ADHERENCE_REASONS,Drug stock-out,en,1,4c1c1abf-49d6-42a8-b2cb-e3929e841881,31:42.7,guest@lamisplus.org,31:42.7,,0,
364,PrEP_LEVEL_OF_ADHERENCE_REASONS,Not able to pay,en,1,f99fe037-dcdc-43ee-acfe-f8d8d147e4ec,31:56.7,guest@lamisplus.org,31:56.7,,0,
365,PrEP_LEVEL_OF_ADHERENCE_REASONS,Partner Influence,en,1,90c76e8a-e22b-4a92-92ed-c5e6ff313f2a,32:16.1,guest@lamisplus.org,32:16.1,,0,
366,PrEP_LEVEL_OF_ADHERENCE_REASONS,Others,en,1,fcab9017-eb9e-4d6a-80e3-b58ac6c6eac2,32:28.1,guest@lamisplus.org,32:28.1,,0,
367,,Only Male,en,1,3a46c178-f269-4ada-96be-4f5bc3c5c742,23:05.3,guest@lamisplus.org,24:17.4,guest@lamisplus.org,0,
368,USE_FOR,Only Male,en,1,b0ef8b86-a6ed-496a-8020-b44efd349615,24:11.0,guest@lamisplus.org,24:11.0,,0,
369,USE_FOR,Only Female,en,1,fb3a6341-1524-4b64-9f18-55dce3d00c2d,24:54.5,guest@lamisplus.org,24:54.5,,0,
370,USE_FOR,Both,en,1,23bc8e61-f477-4ba8-bb2e-54a65fe87120,25:17.1,guest@lamisplus.org,25:17.1,,0,
371,FREQUENCY_USAGE,Once per Patient,en,1,5c46c4c4-52d9-4589-9d6e-d865d7efb965,34:16.1,guest@lamisplus.org,34:16.1,,0,
372,FREQUENCY_USAGE,Periodically,en,1,9a3e3a59-af2c-42fc-bd9d-ea0321975995,34:51.0,guest@lamisplus.org,34:51.0,,0,
373,BOOKING STATUS,Emergency,en,1,93e337ea-79e6-43ef-82a1-553375ae1315,32:55.7,guest@lamisplus.org,32:55.7,,0,
374,USE_FOR,HTS Clients,en,,3836469d-057c-4164-ae59-e7f245efc8e3,11:45.9,guest@lamisplus.org,11:45.9,,0,
375,GENDER,Binary,en,,a1dae6f6-4510-431c-a912-b54137e4b4de,43:49.9,guest@lamisplus.org,45:06.8,guest@lamisplus.org,1,
376,SEX,Male,en,,0492c4d5-153b-45e9-8727-56a6fbbcefa5,45:34.6,guest@lamisplus.org,45:34.6,,0,
377,SEX,Female,en,,ae8b48a6-b84a-4138-ba07-6d7ee02bf286,45:44.7,guest@lamisplus.org,45:44.7,,0,
378,EDUCATION_LEVEL,No formal education,en,,4f3d507f-c19e-499c-a9bf-58849714f541,25:51.0,guest@lamisplus.org,25:51.0,,0,
379,EDUCATION_LEVEL,Primary,en,,a9d40bde-7ff1-44c1-97fb-cec79943d5bd,26:03.9,guest@lamisplus.org,26:03.9,,0,
380,SEX,Unisex,en,,21db0058-830b-4115-93b6-2cbec7636246,50:26.1,guest@lamisplus.org,50:30.4,guest@lamisplus.org,1,
381,FAMILY,Only Male,en,,fbf33a1b-db58-4b85-85d2-4e1e7c4188e8,40:33.7,guest@lamisplus.org,40:33.7,,0,
382,SAMPLE_COLLECTION_MODE,Finger Prick,en,,7a226fa5-d6a3-460d-bdb2-dbc30d1ddc17,34:14.8,guest@lamisplus.org,34:14.8,,0,
383,KP_TYPE,BIOLOGICAL PATTERNS,en,,,,,47:55.9,guest@lamisplus.org,0,
384,SAMPLE_COLLECTION_MODE,Swap,en,,71ac4318-8beb-42d4-8e95-fc38ccf83e37,44:16.1,guest@lamisplus.org,44:16.1,,0,
385,TYPE_SCRIPTING,3,en,,05af5067-82c7-41e2-80e6-b464ada7ac2f,19:45.6,guest@lamisplus.org,19:45.6,,0,
386,TYPE_SCRIPTING,03-May,en,,cc673b76-86ff-42db-a8d6-3e948d8be90a,21:38.2,guest@lamisplus.org,21:38.2,,0,
387,TYPE_SCRIPTING,6 and above,en,,fbf3e243-8a30-4f68-a647-9e71499aafa4,24:14.7,guest@lamisplus.org,24:14.7,,0,
388,USE_FOR,RETROPECTIVE,en,,b5401ac5-b9d7-4354-83af-497a57cf0626,52:41.8,guest@lamisplus.org,52:41.8,,0,
389,DOSE_STRENGTH_UNIT,milligram (mg),en,,2f246758-9caf-44a4-995e-8a784b7e5ffc,38:38.6,guest@lamisplus.org,38:38.6,guest@lamisplus.org,0,
390,DOSE_STRENGTH_UNIT,Gram (g),en,,cb0ab2ea-0876-4c61-9785-0afcd03adaea,38:52.1,guest@lamisplus.org,38:52.1,guest@lamisplus.org,0,